,Annual Return (%),Volatility (%),Sharpe Ratio,Type,Max Drawdown (%),Max Drawdown Display,Return Rank,Volatility Rank,Sharpe Rank,Max Drawdown Rank
Max Sharpe Portfolio,45.65545916889586,24.370745368502135,1.7502730640329829,Portfolio,-25.95771331823822,-25.96%,1.0,6.0,1.0,1.0
Equal Weight Portfolio,26.318536582816808,22.888128633160918,1.018804855414536,Portfolio,-24.459591517056996,-24.46%,2.0,5.0,3.0,2.0
Min Volatility Portfolio,10.866722906770478,19.221197590494953,0.40927329682416047,Portfolio,-17.97424083242435,-17.97%,6.0,3.0,6.0,6.0
Benchmark (QQQ),26.282551528576313,22.788462139650655,1.0216815591108261,Benchmark,-22.768308447040145,-22.77%,3.0,4.0,2.0,3.0
Benchmark (VOO),18.353776077714677,17.220444221370183,0.8916016265515952,Benchmark,-18.689394370902175,-18.69%,5.0,1.0,4.0,5.0
Benchmark (SPY),18.385762704677347,17.926429651331873,0.8582725620176263,Benchmark,-18.755226260622717,-18.76%,4.0,2.0,5.0,4.0
